rep_number,start_time,end_time,duration_sec
1,378600.169452,378610.724380,10.555
2,378610.905703,378616.845144,5.939
3,378617.024191,378622.606375,5.582
4,378622.785933,378625.366114,2.580
