rep_number,start_time,end_time,duration_sec
1,891181.232754,891187.590633,6.358
2,891187.771121,891189.213559,1.442
3,891189.390526,891191.192743,1.802
